"Protein","EntrezID","Symbol"
"P16086","64159","Sptan1"
"P11442","54241","Cltc"
"P06687","24213","Atp1a3"
"P13233","25275","Cnp"
"P23565",NA,"Ina"
"P06686","24212","Atp1a2"
"P47942","25416","Dpysl2"
"P69897","29214","Tubb5"
"P06685","24211","Atp1a1"
"Q3KRE8","291081","Tubb2b"
"P07323","24334","Eno2"
"P85108","498736","Tubb2a"
"Q5XIF6","316531","Tuba4a"
"Q6P9T8","296554","Tubb4b"
"Q6AYZ1","300218","Tuba1c"
"P10719","171374","Atp5f1b"
"Q68FR8","500319","Tuba3a"
"P38650","29489","Dync1h1"
"P15999","65262","Atp5f1a"
"P63018","24468","Hspa8"
"Q9ER34","79250","Aco2"
"Q4QRB4","246118","Tubb3"
"P21575","140694","Dnm1"
"P07335","24264","Ckb"
"P04764","24333","Eno1"
"P11980","25630","Pkm"
"P12839","24588","Nefm"
"P02770","24186","Alb"
"P63102","25578","Ywhaz"
"P61765","25558","Stxbp1"
"P04636","81829","Mdh2"
"P82995","299331","Hsp90aa1"
"P05708","25058","Hk1"
"P13221","24401","Got1"
"P48500","24849","Tpi1"
"Q6AY56","500377","Tuba8"
"Q9QUL6","60355","Nsf"
"P34058","301252","Hsp90ab1"
"P62944","140670","Ap2b1"
"P50398","25183","Gdi1"
"P63039","63868","Hspd1"
"Q9QWN8",NA,"Sptbn2"
"P34926","25152","Map1a"
"P45592","29271","Cfl1"
"P63259","287876","Actg1"
"P13596","24586","Ncam1"
"P31044","29542","Pebp1"
"P15146","25595","Map2"
"P16617","24644","Pgk1"
"P09951","24949","Syn1"
"Q05546","25567","Tnr"
"F1LX07",NA,"Slc25a12"
"P31596","29482","Slc1a2"
"Q68FY0","301011","Uqcrc1"
"P15205","29456","Map1b"
"Q66HF1","301458","Ndufs1"
"P47819","24387","Gfap"
"P18484",NA,"Ap2a2"
"P19527","83613","Nefl"
"P62815","117596","Atp6v1b2"
"P02091","24440","Hbb"
"Q9Z1P2","81634","Actn1"
"P53534","25739","Pygb"
"P35213","56011","Ywhab"
"P01946","25632","Hba-a1"
"P05065","24189","Aldoa"
"Q9Z2L0","83529","Vdac1"
"P09117","24191","Aldoc"
"P50554","81632","Abat"
"P46462","116643","Vcp"
"P00507","25721","Got2"
"P68255","25577","Ywhaq"
"Q05962","85333","Slc25a4"
"P11275","25400","Camk2a"
"P50399","29662","Gdi2"
"Q63198","117258","Cntn1"
"P68511","25576","Ywhah"
"P11506","24215","Atp2b2"
"P06761","25617","Hspa5"
"P11517","689064","Hbb-bs"
"P04797","24383","Gapdh"
"P85845","683788","Fscn1"
"P04642","24533","Ldha"
"Q5RJQ4",NA,"Sirt2"
"P54311","24400","Gnb1"
"P16884",NA,"Nefh"
"O88989","24551","Mdh1"
"P59215","50664","Gnao1"
"P15429","25438","Eno3"
"O08838","60668","Amph"
"P61983","56010","Ywhag"
"P09606","24957","Glul"
"P14659","60460","Hspa2"
"P11505","29598","Atp2b1"
"Q09073","25176","Slc25a5"
"O35095","89791","Ncdn"
"P10860","24399","Glud1"
"P47860","60416","Pfkp"
"P05197","29565","Eef2"
"Q5U300","314432","Uba1"
"P62260","29753","Ywhae"
"P08461","81654","Dlat"
"Q5XI73","360678","Arhgdia"
"P42123","24534","Ldhb"
"Q9Z0W5","29704","Pacsin1"
"P25113","24642","Pgam1"
"P02688","24547","Mbp"
"Q5FVI6","299971","Atp6v1c1"
"P07722","29409","Mag"
"Q6P6V0","292804","Gpi"
"P25809",NA,"Ckmt1"
"P0DP31","24242","Calm1"
"Q8VHF5","170587","Cs"
"Q63345",NA,"Mog"
"P10111","25518","Ppia"
"Q9R063","113898","Prdx5"
"Q9QXQ0","63836","Actn4"
"P97536","117152","Cand1"
"P61265","24923","Stx1b"
"P12346","24825","Tf"
"P68136","29437","Acta1"
"P50137","64524","Tkt"
"P68035","29275","Actc1"
"Q5XI78","360975","Ogdh"
"Q62950","25415","Crmp1"
"P32551","293448","Uqcrc2"
"O35303","114114","Dnm1l"
"Q9WVC0","64551","Septin7"
"P62630","171361","Eef1a1"
"Q05175","64160","Basp1"
"P97685","116690","Nfasc"
"P25286","29757","Atp6v0a1"
"P62632","24799","Eef1a2"
"P60203","24943","Plp1"
"O88600","266759","Hspa4"
"Q6P6R2","298942","Dld"
"P63012","25531","Rab3a"
"Q63537","29179","Syn2"
"D3ZQL7","361466","Tppp"
"P54313","81667","Gnb2"
"Q64542","29600","Atp2b4"
"P11507","29693","Atp2a2"
"P11730","171140","Camk2g"
"P62762",NA,"Vsnl1"
"P62142","25594","Ppp1cb"
"P04897","81664","Gnai2"
"P07340","25650","Atp1b1"
"P08009","81869","Gstm7"
"Q00981","29545","Uchl1"
"Q64541","29132","Atp1a4"
"Q08163","64185","Cap1"
"P62138","24668","Ppp1ca"
"P07171","83839","Calb1"
"Q4QQT4","315648","Ppp2r1b"
"P67779","25344","Phb1"
"P35704","29338","Prdx2"
"P63088","24669","Ppp1cc"
"P21707","25716","Syt1"
"P48037",NA,"Anxa6"
"Q66HA8","288444","Hsph1"
"P08413","24245","Camk2b"
"P84079","64310","Arf1"
"P52303",NA,"Ap1b1"
"P62738","81633","Acta2"
"P24942","29483","Slc1a3"
"P97700","64201","Slc25a11"
"P63045","24803","Vamp2"
"P10824","25686","Gnai1"
"Q8CFN2","64465","Cdc42"
"P13264","24398","Gls"
"Q920L2","157074","Sdha"
"Q8VBU2","171114","Ndrg2"
"P15791","24246","Camk2d"
"P63329","24674","Ppp3ca"
"P01830","24832","Thy1"
"Q05140","65178","Snap91"
"P37377","29219","Snca"
"P55063","24963","Hspa1l"
"P63100","29748","Ppp3r1"
"P61589","117273","Rhoa"
"P62747","64373","Rhob"
"P49432","289950","Pdhb"
"O88767","117287","Park7"
"P61980","117282","Hnrnpk"
"Q5U318","364052","Pea15"
"O35814","192277","Stip1"
"P09812",NA,"Pygm"
"P47858","65152","Pfkm"
"Q9WTT6",NA,"Gda"
"Q63941","81755","Rab3b"
"P48721",NA,"Hspa9"
"P63319","24681","Prkcg"
"Q63942","140665","Rab3d"
"P84083","79117","Arf5"
"P07825","24804","Syp"
"O08839","117028","Bin1"
"P16036",NA,"Slc25a3"
"P27139","54231","Car2"
"P37805","63837","Tagln3"
"Q9JLT0","79433","Myh10"
"P48768","140447","Slc8a2"
"P84082","79119","Arf2"
"Q99NA5","114096","Idh3a"
"P10687","24654","Plcb1"
"Q561S0","316632","Ndufa10l1"
"O35179","116743","Sh3gl2"
"B0BND0",NA,"Enpp6"
"Q794F9","50567","Slc3a2"
"P31399","641434","Atp5pd"
"Q6PCU2","297566","Atp6v1e1"
"P01048",NA,"Map1"
"Q05982","191575","Nme1"
"P0DMW0","24472","Hspa1a"
"P81155","83531","Vdac2"
"P05712","65158","Rab2a"
"Q63092","79011","Camkv"
"Q9JJM9",NA,"Septin5"
"Q63228","81661","Gmfb"
"B0BNF1",NA,"Septin8"
"Q62813","29561","Lsamp"
"Q9JHY2","65042","Sfxn3"
"Q62910","85238","Synj1"
"P19804","83782","Nme2"
"Q4V7C7","81732","Actr3"
"Q68FQ0","294864","Cct5"
"Q6RJR6","140945","Rtn3"
"Q6NYB7","81754","Rab1a"
"P80254","29318","Ddt"
"P61751","79120","Arf4"
"Q9R1Z0","83532","Vdac3"
"Q3T1K5","493810","Capza2"
"Q64568","29599","Atp2b3"
"Q7TPB1","29374","Cct4"
"Q63028","24170","Add1"
"P97846","84008","Cntnap1"
"P84092","116563","Ap2m1"
"P10960","25524","Psap"
"P04906","24426","Gstp1"
"P16638","24159","Acly"
"P32851","116470","Stx1a"
"P68403","25023","Prkcb"
"P54690","29592","Bcat1"
"P09527","29448","Rab7a"
"P07936","29423","Gap43"
"P31016","29495","Dlg4"
"P11598","29468","Pdia3"
"Q3KR86","312444","Immt"
"Q9QYF3","25017","Myo5a"
"Q06647","192241","Atp5po"
"A9UMV8","690795","H2aj"
"Q00728","24828","H2ac1"
"P0CC09","365877","H2ac18"
"Q64598",NA,NA
"Q64548","116644","Rtn1"
"P04905","24423","Gstm1"
"O35244","94167","Prdx6"
"P10536",NA,"Rab1b"
"P17764","25014","Acat1"
"Q5XI32","298584","Capzb"
"P31000","81818","Vim"
"P07632","24786","Sod1"
"Q6AYH5","299850","Dctn2"
"Q9JI66","84484","Slc4a4"
"P07895","24787","Sod2"
"Q02563","117559","Sv2a"
"P47728","117059","Calb2"
"Q62812",NA,"Myh9"
"Q5XIH7","114766","Phb2"
"P03994","29331","Hapln1"
"P82471","81666","Gnaq"
"O35353","294962","Gnb4"
"P39069","24183","Ak1"
"P20788","291103","Uqcrfs1"
"P85834","293481","Tufm"
"Q68FX0","94173","Idh3b"
"P84076","29177","Hpca"
"P18418","64202","Calr"
"Q5XIM9","299809","Cct2"
"Q9JHU0","65208","Dpysl5"
"Q62656","25613","Ptprz1"
"P52873","25104","Pc"
"P19511","171375","Atp5pb"
"Q5HZV9","301618","Ppp1r7"
"P63025","29528","Vamp3"
"Q63362","25488","Ndufa5"
"Q5GFD9","497198","Impact"
"P62804","64627","Hist1h4b"
"Q9JK11","83765","Rtn4"
"P85515","294010","Actr1a"
"P20651","24675","Ppp3cb"
"B3GNI6","305227","Septin11"
"P55068","25393","Bcan"
"P13638",NA,"Atp1b2"
"P62986","64156","Uba52"
"Q63429","50522","Ubc"
"P62982","100912032","Rps27a"
"P32736","116597","Opcml"
"P29101","24805","Syt2"
"Q63754","113893","Sncb"
"Q9QXU9","246333","Pcsk1n"
"Q63610","117557","Tpm3"
"Q5BK63","362440","Ndufa9"
"B0BNA5","361422","Cotl1"
"P62824","171058","Rab3c"
"Q62717","26989","Cadps"
"O35077","60666","Gpd1"
"P35332","50872","Hpcal4"
"O35796","29681","C1qbp"
"P61107","94197","Rab14"
"P26772",NA,"Hspe1"
"Q68FR6","293725","Eef1g"
"P12369","24679","Prkar2b"
"P84245","117056","H3f3b"
"P09626",NA,"Atp4a"
"P0C1X8",NA,"Aak1"
"A7VJC2","362361","Hnrnpa2b1"
"Q99PD4","81824","Arpc1a"
"Q63716","117254","Prdx1"
"Q64578","116601","Atp2a1"
"P04631","25742","S100b"
"B5DFN2","362013","Ahcyl1"
"P0C5X8","292597","Ttyh1"
"Q641Y2","289218","Ndufs2"
"Q5PPN5","291966","Tppp3"
"P69682","312694","Necap1"
"Q62952","25418","Dpysl3"
"B2RYG6","293705","Otub1"
"P85969",NA,"Napb"
"Q5BK56","499689","Gstm4"
"P35435",NA,"Atp5f1c"
"Q9Z0V6","64371","Prdx3"
"O35264","64189","Pafah1b2"
"P19234","81728","Ndufv2"
"Q62718","50864","Ntm"
"P19332",NA,"Mapt"
"Q9Z1B2","64352","Gstm5"
"P13086","114597","Suclg1"
"Q6PST4","362750","Atl1"
"Q1WIM1","365216","Cadm4"
"P56574","361596","Idh2"
"P86252",NA,"Pura"
"Q62636","171337","Rap1b"
"P20760",NA,"Igg-2a"
"P11348","64192","Qdpr"
"O08557","64157","Ddah1"
"P00762","24691","Prss1"
"P62963","64303","Pfn1"
"P14408",NA,"Fh"
"Q3T1J1","287444","Eif5a"
"Q9WVB1",NA,"Rab6a"
"P63331","24672","Ppp2ca"
"P12785","50671","Fasn"
"P85971",NA,"Pgls"
"P60881","25012","Snap25"
"P63086","116590","Mapk1"
"Q812E9","306439","Gpm6a"
"P62749","50871","Hpcal1"
"Q5PQN0","553106","Ncald"
"P62828","84509","Ran"
"P33124","117243","Acsl6"
"Q7M0E3","502674","Dstn"
"P63004","83572","Pafah1b1"
"P46101","29272","Dpp6"
"P54921","140673","Napa"
"Q00715","64647","Hist1h2bg"
"Q6DGG0","361967","Ppid"
"Q01062","81743","Pde2a"
"P10888","29445","Cox4i1"
"P14668","25673","Anxa5"
"P54708",NA,"Atp12a"
"A0A0G2K5L2","309111","Slc25a22"
"P14604","140547","Echs1"
"D3ZQD3",NA,"Ogdhl"
"Q5RKI0","360950","Wdr1"
"P18596","25391","Atp2a3"
"Q63965",NA,"Sfxn1"
"P09605",NA,"Ckmt2"
"P11240","252934","Cox5a"
"Q63633","171373","Slc12a5"
"P13668","29332","Stmn1"
"Q63081","286906","Pdia6"
"Q68FS4","289668","Lap3"
"Q6IMY8","117280","Hnrnpu"
"P21571","94271","Atp5pf"
"Q2TA68","171116","Opa1"
"Q91Y81","117515","Septin2"
"P08010","24424","Gstm2"
"P50475","292023","Aars1"
"P12368","29699","Prkar2a"
"Q8VHV7","140931","Hnrnph1"
"Q8K586","751812","Rasl2-9"
"B2GV06","690163","Oxct1"
"Q66HD0","362862","Hsp90b1"
"Q6AY84","502776","Scrn1"
"P35281",NA,"Rab10"
"P63142","25468","Kcna2"
"Q4FZY0","298609","Efhd2"
"P27605","24465","Hprt1"
"Q01066","29691","Pde1b"
"Q9Z214","29546","Homer1"
"P02650","25728","Apoe"
"P26284",NA,"Pdha1"
"P02401","140662","Rplp2"
"P63322","81757","Rala"
"P97697","83523","Impa1"
"Q920Q0","170673","Palm"
"P50408","116664","Atp6v1f"
"P52481","116653","Cap2"
"P05696",NA,"Prkca"
"O35509","79434","Rab11b"
"Q63357","25485","Myo1d"
"P08932","288001","Kng1"
"Q1WIM2","360687","Cadm2"
"P39052","25751","Dnm2"
"Q64119",NA,"Myl6"
"P51650",NA,"Aldh5a1"
"P55161","58823","Nckap1"
"Q5PPJ9","311848","Sh3glb2"
"Q9ERB4","114122","Vcan"
"Q75Q39","304017","Tomm70"
"P35280","117103","Rab8a"
"A0A096MJN4",NA,"Septin4"
"Q5M7A7","364208","Cnrip1"
"P35565","29144","Canx"
"Q08877","171574","Dnm3"
"Q01205","299201","Dlst"
"F1LU71",NA,"Auh"
"Q8VII6","85254","Slc44a1"
"P30427",NA,"Plec"
"Q9QYU4","117024","Crym"
"P27791",NA,"Prkaca"
"Q6RUV5","363875","Rac1"
"Q63564","117556","Sv2b"
"Q63862",NA,"Myh11"
"P21913","298596","Sdhb"
"Q5XIT1","298848","Mapre3"
"P35467","295214","S100a1"
"P41565",NA,"Idh3g"
"P15384","29731","Kcna3"
"Q05764","24171","Add2"
"Q9ESV6","66020","Gapdhs"
"B2RYW9","296131","Fahd2a"
"P15865","201097","H1f4"
"Q8K4Y5","252892","Lgi1"
"P20059","58917","Hpx"
"Q62634","116638","Slc17a7"
"P60892","29562","Prps1"
"Q9QUH6",NA,"Syngap1"
"Q75Q41","300075","Tomm22"
"P16446","29525","Pitpna"
"Q5XHZ0","287069","Trap1"
"Q62951","25417","Dpysl4"
"P85970",NA,"Arpc2"
"P38983","29236","Rpsa"
"Q63666","25624","Vamp1"
"P70550","266688","Rab8b"
"P14480","24366","Fgb"
"Q6P7Q4","294320","Glo1"
"P49803","54296","Rgs7"
"Q9EQX9","116725","Ube2n"
"P62959","690660","Hint1"
"P36876","117104","Ppp2r2a"
"P11232","116484","Txn1"
"Q9WTP0","59317","Epb41l1"
"P07483","79131","Fabp3"
"P62898","25309","Cycs"
"P12711","100145871","Adh5"
"P02625","25269","Pvalb"
"Q5U206","307100","Calml3"
"P62168","65153","Ncs1"
"P29994","25262","Itpr1"
"P97546","56064","Nptn"
"Q64428","170670","Hadha"
"P14046",NA,"A1i3"
"Q03626","497794","Mug1"
"Q5XIN6","305457","Letm1"
"Q5RKI1","303831","Eif4a2"
"P55053","140868","Fabp5"
"P21396",NA,"Maoa"
"P62716","24673","Ppp2cb"
"Q63560",NA,"Map6"
"P55067",NA,"Ncan"
"P28480","24818","Tcp1"
"Q568Z9","290356","Phyhip"
"Q91ZN1","155151","Coro1a"
"P19627","25740","Gnaz"
"P52296","24917","Kpnb1"
"Q07266","81653","Dbn1"
"P11030","25045","Dbi"
"Q8R491","192249","Ehd3"
"Q63598",NA,"Pls3"
"Q794E4","64200","Hnrnpf"
"Q3B8Q0","679221","Mapre2"
"P83868","362809","Ptges3"
"P04785","25506","P4hb"
"P36877","60660","Ppp2r2b"
"P56932","246255","Ppp2r2d"
"P70566","58814","Tmod2"
"Q9ERH3","66031","Wdr7"
"Q6URK4","362152","Hnrnpa3"
"Q4V8B0","117520","Oxr1"
"Q04970","24605","Nras"
"Q9EQS0","83688","Taldo1"
"P49911","25379","Anp32a"
"Q5XIF3","499529","Ndufs4"
"P07943","24192","Akr1b1"
"Q02253","81708","Aldh6a1"
"Q5U316","288700","Rab35"
"P63029","116646","Tpt1"
"Q6PEC4","287280","Skp1"
"P27952","83789","Rps2"
"F1LZW6",NA,"Slc25a13"
"P08082","116561","Cltb"
"P35289","299156","Rab15"
"Q6P502","295230","Cct3"
"P35571","25062","Gpd2"
"P84087","116657","Cplx2"
"P19491","29627","Gria2"
"Q9EPC6","81531","Pfn2"
"P31647","79213","Slc6a11"
"P10499","24520","Kcna1"
"Q01986","170851","Map2k1"
"P60905","79130","Dnajc5"
"P62882","83579","Gnb5"
"G3V9T7","288919","Get3"
"Q9Z0W7","83718","Clic4"
"Q8VD52",NA,"Pdxp"
"Q05695","50687","L1cam"
"Q5I0G4",NA,"Gars1"
"P10362","24765","Scg2"
"Q4FZT9","287984","Psmd2"
"Q00729","24829","H2bc1"
"P20171","293621","Hras"
"P55051","80841","Fabp7"
"P51146","50866","Rab4b"
"Q1WIM3","360882","Cadm3"
"P09330","24689","Prps2"
"Q6AXV4","300111","Samm50"
"P19944","140661","Rplp1"
"P47727","29224","Cbr1"
"Q9JJ54","79256","Hnrnpd"
"Q3MIE4","287721","Vat1"
"P16290","24959","Pgam2"
"Q63692","114562","Cdc37"
"O70511","361833","Ank3"
"Q80W89","301123","Ndufa11"
"P04256","29578","Hnrnpa1"
"Q6AY09","308650","Hnrnph2"
"Q07009","29154","Capn2"
"Q78P75","140734","Dynll2"
"P09811","64035","Pygl"
"Q6AXX6","361118","Prxl2a"
"P68182","293508","Prkacb"
"Q6AYK6","289144","Cacybp"
"P51635","78959","Akr1a1"
"Q8VI04","246307","Asrgl1"
"P35434","245965","Atp5f1d"
"P97874","81659","Gak"
"Q4KMA2","298012","Rad23b"
"D3ZAA9","85275","Mpp2"
"P21670","29671","Psma4"
"P14669","25291","Anxa3"
"Q05683","24380","Gad2"
"P11762","56646","Lgals1"
"P09495","24852","Tpm4"
"P62494","81830","Rab11a"
"Q5I0P2","171133","Gcsh"
"P04692","24851","Tpm1"
"P38652",NA,"Pgm1"
"P41562","24479","Idh1"
"P08081","83800","Clta"
"P22062","25604","Pcmt1"
"P31977","54319","Ezr"
"P0C0S7","58940","H2az1"
"Q9QZA2","501083","Pdcd6ip"
"P24329","25274","Tst"
"P62083","29258","Rps7"
"P43244","29150","Matr3"
"P97710","25528","Sirpa"
"Q9JI12","84487","Slc17a6"
"P11167","24778","Slc2a1"
"Q5BJU7","294568","Wasf1"
"Q68FP1","296654","Gsn"
"Q641Z6","293692","Ehd1"
"Q5BKC9",NA,"Ngef"
"P62628","170714","Dynlrb1"
"P62909","140654","Rps3"
"P21708","50689","Mapk3"
"Q5RJL0","295619","Ermn"
"Q711G3","298917","Iah1"
"P24368","64367","Ppib"
"Q7TP54","306934","Ripor2"
"Q9JJK1","192179","Gpm6b"
"M0RC99","64633","Rab5a"
"Q80ZA5","295645","Slc4a10"
"Q80Z30","360593","Ppm1e"
"P48004",NA,"Psma7"
"O88339","117277","Epn1"
"P30009",NA,"Marcks"
"P19490","50592","Gria1"
"P84817","288584","Fis1"
"Q63413","114612","Ddx39b"
"O35987","83809","Nsfl1c"
"B2RZ27","298544","Sh3bgrl3"
"P05370","24377","G6pd"
"O55012","89816","Picalm"
"Q99ML5","246302","Pcyox1"
"Q9Z0V5","85274","Prdx4"
"Q62876","29205","Syngr1"
"Q62658","25639","Fkbp1a"
"P17220","29669","Psma2"
"Q64559","26759","Acot7"
"Q6Q0N1","291394","Cndp2"
"P58775","500450","Tpm2"
"P28023","29167","Dctn1"
"P17077","29257","Rpl9"
"B0K020","294362","Cisd1"
"Q6AYP5","363058","Cadm1"
"P38406","24611","Gnal"
"O35567","81643","Atic"
"Q9JLJ3","64040","Aldh9a1"
"Q9JID2","81662","Gna11"
"D3ZAF6","690441","Atp5mf"
"P13383",NA,"Ncl"
"Q8K3E7","286897","Dpy30"
"P26453","25246","Bsg"
"Q9JLZ1","58815","Glrx3"
"Q9EQT5","94174","Tinagl1"
"Q6AYR6",NA,"Hdhd2"
"P48675","64362","Des"
"P53042","65179","Ppp5c"
"P05714","25532","Rab4a"
"Q53B90","500249","Rab43"
"P51156","171111","Rab26"
"P41498","24161","Acp1"
"P97829","29364","Cd47"
"Q9WU34","56003","Septin3"
"P54290",NA,"Cacna2d1"
"Q5PPN4","297814","Car8"
"O35458","83612","Slc32a1"
"Q6IE52",NA,"Mug2"
"P62994","81504","Grb2"
"P70580","291948","Pgrmc1"
"Q5XI72","288599","Eif4h"
"P35286","81756","Rab13"
"P63245","83427","Rack1"
"Q641Y8","84474","Ddx1"
"P85973",NA,"Pnp"
"P43425","58979","Gng7"
"Q63100","29564","Dync1i1"
"P60901","29673","Psma6"
"B2GV54","294930","Nceh1"
"P14841","25307","Cst3"
"A1L108","296710","Arpc5l"
"P29147","117099","Bdh1"
"P52759","65151","Rida"
"P17105","81677","Itpka"
"P62243","65136","Rps8"
"P62250","140655","Rps16"
"O35964","81922","Sh3gl1"
"Q76EQ0","303306","Srr"
"Q63041","252922","Pzp"
"Q9JJW3","171069","Atp5mk"
"Q07647","25551","Slc2a3"
"Q9Z339",NA,"Gsto1"
"Q4V8B7","361418","Hsdl1"
"Q9Z0J8","59318","Negr1"
"P47709","171039","Rph3a"
"Q68FW9","287367","Cops3"
"P13832","501203","Myl12a"
"P18666","50685","Myl12b"
"Q5U216","89827","Ddx39a"
"O88656","54227","Arpc1b"
"Q5M9I5","366448","Uqcrh"
"P24050",NA,"Rps5"
"Q91XV6","63847","Fxyd6"
"Q91XU8","114101","Cds2"
"P35427",NA,"Rpl13a"
"P62839",NA,"Ube2d2"
"Q5FVH2","361527","Pld3"
"Q4KM73","298410","Cmpk1"
"Q63803",NA,"Gnas"
"P17074","29287","Rps19"
"Q9JKE3","65171","Scamp5"
"P30839","65183","Aldh3a2"
"Q64057","291450","Aldh7a1"
"O35764",NA,"Nptxr"
"P48679",NA,"Lmna"
"P17659",NA,"Kcna6"
"P29314","103689992","Rps9"
"P04904","24421","Gsta1"
"Q66HA6","500282","Arl8b"
"P62483","29738","Kcnab2"
"G3V7P1","65033","Stx12"
"P47875","29276","Csrp1"
"D3ZFB6","361651","Prrt2"
"Q6MG60","294239","Ddah2"
"P12928","24651","Pklr"
"Q62826","116655","Hnrnpm"
"P29457","29345","Serpinh1"
"B0BNM9","288707","Gltp"
"Q63768","54245","Crk"
"Q5BJ92","171366","Ppp4c"
"P36860","116546","Ralb"
"P70569","25132","Myo5b"
"Q9ESM2","64057","Hapln2"
"P49187","25272","Mapk10"
"P30835","25741","Pfkl"
"P49186","50658","Mapk9"
"P11951","54322","Cox6c"
"P29419","140608","Atp5me"
"Q5FVI4","361675","Cend1"
"O70351","63864","Hsd17b10"
"Q9QX69","114515","Lancl1"
"P50503","81800","St13"
"P61227","170923","Rap2b"
"Q6LED0","291159","Hist1h2ail1"
"Q99MC0","114004","Ppp1r14a"
"Q5BJS7","297516","Cpne9"
"P10818","25282","Cox6a1"
"P06302","29222","Ptma"
"Q5XII0","291180","Epdr1"
"P15385","25469","Kcna4"
"P46418","494500","Gsta3"
"P62775","79215","Mtpn"
"P23978","79212","Slc6a1"
"Q505J6","681896","Slc25a18"
"Q68A21","498407","Purb"
"P85968","100360180","Pgd"
"O08651","58835","Phgdh"
"Q7TP17","361542","U2af1l4"
"O70352",NA,"Cd82"
"P05942","24615","S100a4"
"Q9WU82","84353","Ctnnb1"
"P62853","122799","Rps25"
"P36972","292072","Aprt"
"Q01728","29715","Slc8a1"
"Q4KM74","310710","Sec22b"
"P40112","29676","Psmb3"
"Q6QLM7","314906","Kif5a"
"Q02874","29384","Macroh2a1"
"O35763","81521","Msn"
"Q5FVJ0","360921","Rufy3"
"A8WCF8","687090","Tprg1l"
"P00787",NA,"Ctsb"
"Q63377","25390","Atp1b3"
"Q9R0I8","116723","Pip4k2a"
"P10760","29443","Ahcy"
"Q9WV97","171139","Timm9"
"Q6GMN2","117542","Baiap2"
"P04094","29237","Penk"
"Q5M7U6","289820","Actr2"
"Q499N5","619561","Acsf2"
"Q60587","171155","Hadhb"
"D3ZW55","311422","Itpa"
"Q6Q629","363972","Dpp10"
"P37199","117021","Nup155"
"P45479","29411","Ppt1"
"Q62698","81655","Dync1li2"
"P47863","25293","Aqp4"
"P30904","81683","Mif"
"P52287","60449","Gnb3"
"P56603","29521","Scamp1"
"Q9Z252","60377","Lin7b"
"P40241","24936","Cd9"
"Q5PQK1","309891","Septin10"
"P11884","29539","Aldh2"
"Q9Z2S9","83764","Flot2"
"Q6QIX3","366568","Slc30a3"
"Q9ESW0",NA,"Ddb1"
"P62744","65046","Ap2s1"
"Q9Z270","58857","Vapa"
"Q6P799","266975","Sars1"
"P53812","114561","Pitpnb"
"P27881","25059","Hk2"
"P20759",NA,NA
"P22831","66030","Synpr"
"P52555","117030","Erp29"
"P47861","54309","Syt5"
"P28572","116509","Slc6a9"
"P49621","54248","Dgkb"
"Q9EPH8","171350","Pabpc1"
"P21533","117042","Rpl6"
"Q4KLH4","305910","Pspc1"
"P20717","29511","Padi2"
"P00406","26198","COX2"
"Q62703","29218","Rcn2"
"P61150","170630","Fgf12"
"P04218",NA,"Cd200"
"P29418","245958","Atp5f1e"
"Q4KLF8","360854","Arpc5"
"O88778",NA,"Bsn"
"P01835",NA,NA
"P19132","25319","Fth1"
"Q62847","25230","Add3"
"P34064",NA,"Psma5"
"P62703","100362640","Rps4x"
"Q63421","81742","Pde1c"
"Q66HR2","114764","Mapre1"
"P61314","245981","Rpl15"
"P56536",NA,"Kif5c"
"Q66HL2","60465","Cttn"
"Q5XI22","308100","Acat2"
"Q6AY30","305021","Sccpdh"
"P24268",NA,"Ctsd"
"Q52KK3","313241","Slc25a51"
"A0JPJ7","296488","Ola1"
"P35465","29431","Pak1"
"P97576","79563","Grpel1"
"B2RZ37","364838","Reep5"
"P25093","29383","Fah"
"Q3KRE0","298682","Atad3a"
"P56571","294326","Gatd3a"
"Q2PQA9","117550","Kif5b"
"Q6J4I0","360616","Ppp1r1b"
"Q9WV63",NA,"Kif2a"
"P62856","27139","Rps26"
"Q63210","81663","Gna12"
"Q9QZR6","83788","Septin9"
"P0DN35",NA,"Ndufb1"
"Q9R1N3","117955","Slc4a7"
"P62870","81807","Elob"
"B2GUZ5","691149","Capza1"
"P08050","24392","Gja1"
"Q9Z1Z3",NA,"Epn2"
"P62755","29304","Rps6"
"Q6Q7Y5","303634","Gna13"
"P19492","29628","Gria3"
"P51583","140946","Paics"
"Q7TMA5","54225","Apob"
"P63326","81773","Rps10"
"P50878","64302","Rpl4"
"P53678","140667","Ap3m2"
"P29348","286924","Gnat3"
"P06866","24464","Hp"
"Q3ZB98",NA,"Bcas1"
"P02454","29393","Col1a1"
"Q6P7S1","84431","Asah1"
"P05426",NA,"Rpl7"
"P13601","29651","Aldh1a7"
"P62859","691531","Rps28"
"P0DJJ3","313413","Sgip1"
"P05508","26201","ND4"
"P04903","494499","Gsta5"
"P15800","25473","Lamb2"
"P85972","305679","Vcl"
"P00502","24422","Gsta2"
"P51647","24188","Aldh1a1"
"P04550","83801","Ptms"
"Q9JMB5","65138","Adrm1"
"P19024","25470","Kcna5"
"Q9Z2F5","29382","Ctbp1"
"Q6P7B0",NA,"Wars1"
"Q9Z2L9",NA,"Ndrg4"
"P62914","362631","Rpl11"
"Q63150","65135","Dpys"
"Q62881","85383","Nol3"
"O55096","114591","Dpp3"
"P63159","25459","Hmgb1"
"O89046","29474","Coro1b"
"Q8CGU9","317675","Tph2"
"P06349","24438","H1f6"
"Q63604","25054","Ntrk2"
"Q71LX6","311098","Xirp2"
"Q68FR9","300033","Eef1d"
"Q8CFD0","261737","Sfxn5"
"Q9Z2G8","89825","Nap1l1"
"D4A3K5","291145","H1f1"
"Q5EB77","307039","Rab18"
"Q6PTT0",NA,"Acy1b"
"P18420","29668","Psma1"
"P17475","24648","Serpina1"
"Q6AYS7","300981","Acy1"
"Q03555","64845","Gphn"
"P29266","63938","Hibadh"
"P23928","25420","Cryab"
"P13803","300726","Etfa"
"Q5FVI3","311346","Lrrc57"
"P01041","25308","Cstb"
"P57790",NA,"Keap1"
"Q8VIL3","257644","Zwint"
"Q9JHZ4","116493","Gripap1"
"Q4V882","360605","Epn3"
"Q5I0D1","363644","Glod4"
"Q6DGG1","300983","Abhd14b"
"Q6MGD0","294288","Cuta"
"Q6P730","192126","Dab2ip"
"P50279","25130","Stx2"
"Q4QQS8","287830","Nup85"
"P29995","81678","Itpr2"
"Q4FZT2","361613","Ppme1"
"P55260",NA,"Anxa4"
"P11662","26194","ND2"
"Q63569","29677","Psmc3"
"P00159","26192","CYTB"
"Q68FR2","366988","Bin2"
"Q03114","140908","Cdk5"
"Q5HZY2","287276","Sar1b"
"P97612",NA,"Faah"
"Q62871",NA,"Dync1i2"
"P04644","29286","Rps17"
"Q9Z1Y3","83501","Cdh2"
"P21807",NA,"Prph"
"Q71UE8","25490","Nedd8"
"P63036","65028","Dnaja1"
"Q9Z269","60431","Vapb"
"Q920J4","140922","Txnl1"
"P60868","122772","Rps20"
"P46844","116599","Blvra"
"O70441","29130","Syn3"
"Q6AXY0","501110","Gsta6"
"Q9EPB1","83799","Dpp7"
"P23977","24898","Slc6a3"
"Q64232","191576","Tecr"
"P62278","161477","Rps13"
"Q9Z250",NA,"Lin7a"
"P18445","293418","Rpl27a"
"P09216","29340","Prkce"
"P20689","117558","Mylk2"
"Q9JHL4","83527","Dbnl"
"P70600","50646","Ptk2b"
"P04177","25085","Th"
"Q6XVN8","362245","Map1lc3a"
"P04041","24404","Gpx1"
"Q62625","64862","Map1lc3b"
"H1UBN0",NA,"Cpne7"
"P20070","25035","Cyb5r3"
"P01026","24232","C3"
"P49185","116554","Mapk8"
"P62271","294282","Rps18"
"P00884",NA,"Aldob"
"Q9JJL4","85428","Rhoq"
"P19629",NA,"Ldhc"
"Q07205","108348073","Eif5"
"Q6JE36","299923","Ndrg1"
"P21818","84510","Stmn2"
"Q9JJW1","64521","Tspan2"
"P09215","170538","Prkcd"
"P70618",NA,"Mapk14"
"P27274","25407","Cd59b"
"E9PT87","291926","Mylk3"
"B0BNN3","310218","Car1"
"P16409","24585","Myl3"
"O35331","83578","Pdxk"
"B0LPN4","689560","Ryr2"
"Q9WVK7","113965","Hadh"
"P62425","296596","Rpl7a"
"P29066","25387","Arrb1"
"Q64537","29156","Capns1"
"B0BN85","290408","Sugt1"
"Q29RW1","360543","Myh4"
"Q5PPG6","688843","Nap1l5"
"Q6VBQ5","369016","Myadm"
"P97526","24592","Nf1"
"O35180","81921","Sh3gl3"
"O88377","89812","Pip4k2b"
"Q63538","60352","Mapk12"
"P18163","25288","Acsl1"
"P13234","25050","Camk4"
"Q5U1Z2","362599","Trappc3"
"Q9JJ79","65209","Dync2h1"
"D3ZHV2","362587","Macf1"
"Q9WTY9",NA,"Mapk13"
"Q99MZ8","29278","Lasp1"
"Q68FU3","292845","Etfb"
"Q07310","116508","Nrxn3"
"Q6AYE4","362802","Atp6v1c2"
"P19493","29629","Gria4"
"P08934","25087","Kng2l1"
"D3Z987",NA,"Rbm44"
"P62198","81827","Psmc5"
"Q9ERQ6","50568","Cspg5"
"P37397","54321","Cnn3"
"D3ZFD0",NA,"Myo18a"
"Q9JKS6","56768","Pclo"
"P19643","25750","Maob"
"Q04666","29577","Hes1"
"P83732","64307","Rpl24"
"P23505",NA,NA
"A2RUW1","361677","Tollip"
"O88480","94165","Cabin1"
"P80432","100188937","Cox7c"
"O35952","24439","Hagh"
"Q792I0","60442","Lin7c"
"P97544",NA,"Plpp3"
"P00564","24265","Ckm"
"Q63372","60391","Nrxn1"
"Q7TQ16","497902","Uqcrq"
"Q64361","59073","Lxn"
"P18298","171347","Mat2a"
"P25409","81670","Gpt"
"P70627","85309","Folh1"
"Q05030","24629","Pdgfrb"
"Q8R431","29254","Mgll"
"Q9ES40","66028","Arl6ip5"
"P11950",NA,"Cox6c1"
"P24135","29337","Plcg2"
"Q9ERC1","192253","Myo16"
"Q566C7","294292","Nudt3"
"Q8VGC3","116600","Cacnb2"
"P18265","50686","Gsk3a"
"Q63797",NA,"Psme1"
"Q5U1X1","300689","Rexo2"
"P04182","64313","Oat"
"P24587",NA,"Akap5"
"O54889","83581","Polr1a"
"Q63269","25679","Itpr3"
"Q9Z327","60324","Synpo"
"P28492","192268","Gls2"
"Q924S5","170916","Lonp1"
"Q64640","25368","Adk"
"P54283","50688","Cacnb1"
"Q3SWU3","305178","Hnrnpdl"
"P54287","25297","Cacnb3"
"P04166","80773","Cyb5b"
"D4A055","58942","Cacnb4"
"Q03346","64198","Pmpcb"
"G3V7W1","308061","Pdcd6"
"F1M0Z1","310192","Trio"
"D4ACE5",NA,"Intu"
"P26770",NA,"Adcy4"
"M0R8U1",NA,"Dnah5"
"Q04400","64532","Adcy5"
"Q62745",NA,"Cd81"
"P31643","29464","Slc6a6"
"P59649","63848","Fxyd7"
"Q6P7P5","363232","Bzw1"
"Q8R523","171011","Kcng3"
"Q5U4E6",NA,"Golga4"
"Q6PDU1","494445","Srsf2"
"P27653","64300","Mthfd1"
"P97888","117256","Ppp2r2c"
"Q7M767","287927","Ube2v2"
"P31646","171163","Slc6a13"
"O54874","114116","Cdc42bpa"
"Q5M7W5","367171","Map4"
"P28570","50690","Slc6a8"
"Q63170",NA,"Dnah7"
"Q9Z1N4","64473","Bpnt1"
"P35171","29507","Cox7a2"
"Q9JIX5","65027","Chd8"
"Q03343","25289","Adcy6"
"Q812D1","313323","Psip1"
"P48056","50676","Slc6a12"
"G3V9R8",NA,"Hnrnpc"
"Q62645","24412","Grin2d"
"G3V7L1","25600","Utrn"
"Q63450","171503","Camk1"
"Q6JEL3","303533","Klhl10"
"Q5XIA3","296098","Lcmt2"
"Q6GQP4","246324","Rab31"
"O35923",NA,"Brca2"
"P13437","170465","Acaa2"
"P11530",NA,"Dmd"
"Q920H8","117240","Heph"
"Q5M823","287199","Nudcd2"
"P07896","171142","Ehhadh"
"P26769","81636","Adcy2"
"P0C0A9","499157","Svip"
"P60522","64670","Gabarapl2"
"Q5U211","684097","Snx3"
"P07153",NA,"Rpn1"
"B1WC61","294973","Acad9"
"P29117","282819","Ppif"
"P19945","64205","Rplp0"
"P47198","81768","Rpl22"
"Q6AYN4","309901","Phyhipl"
"O88794","64533","Pnpo"
"P38718","100359982","Mpc2"
"P0C2B9",NA,"Mrpl42"
"Q8CFG6","300992","Cacna2d2"
"Q5FVM4","317259","Nono"
"F1LTE0","303599","Tanc2"
"P21588",NA,"Nt5e"
"P03889","26193","ND1"
"Q9QYJ4","63886","Abcb9"
"P97690",NA,"Smc3"
"Q8K4B7","246247","Fmo4"
"Q9Z2A6","286997","Mapk15"
"O70127","83569","Abcb11"
"P20786","25267","Pdgfra"
"F1LMY4",NA,"Ryr1"
"O08560","81821","Dgkz"
