"Protein","Symbol","FC_hfd","FC_pio","FC_ip","FC_cr","RescuePct_Pio","RescuePct_IP","RescuePct_Cr"
"P06687","Atp1a3",0.493162302916101,0.0714593444525349,-0.0921435066576848,-0.145048050723251,-14.4900257035039,18.6842153410417,29.4118284924805
"P82995","Hsp90aa1",0.356847735619283,0.0570125320456931,-0.0902274976611857,-0.154106608402667,-15.9767111725543,25.2845930224561,43.1855363003008
"P02091","Hbb",0.746465271367665,-0.236055274861041,0.0889746642125999,-0.213012216725357,31.6230753010844,-11.9194646590298,28.5361188116734
"P35213","Ywhab",0.516080553927214,-0.208381955737366,-0.106831778872113,-0.246776915553397,40.3777964799572,20.7006014970252,47.8175187333645
"P05065","Aldoa",0.820544628348774,0.174377120387103,0.021213002861554,-0.0960726109371883,-21.2513877201306,-2.58523450506794,11.7083955726479
"P00507","Got2",0.315101786346716,0.0196935937172,-0.147038770809033,-0.08336613877308,-6.24991497050117,46.663896296431,26.4568918315651
"P11517","Hbb-bs",1.228678567753,-0.465092518415464,-0.218885574012472,-0.541724222389416,37.8530667517073,17.8147140966875,44.0899871298413
"P04642","Ldha",0.485997548048317,0.133659523128721,0.050989954493442,0.0480229929889013,-27.5020982442144,-10.4918131167964,-9.88132413049272
"P09606","Glul",0.651678352248371,-0.157849462999444,-0.381901597971346,-0.424849908049541,24.2219896448676,58.6027749201332,65.1931902577025
"P42123","Ldhb",0.57000844324493,0.364352526175907,0.0840820152601225,-0.0224574482842925,-63.9205489837536,-14.7510122449174,3.93984484798985
"P60203","Plp1",0.808986013493687,0.242047148954967,0.0655653836939294,0.0408739767927386,-29.919818750594,-8.10463748449479,-5.0524948652969
"Q6P6R2","Dld",0.327700688032717,-0.0058218914761845,-0.273276793635898,-0.0171993089824447,1.77658811494569,83.3921940403783,5.24848119352363
"Q08163","Cap1",0.380809082558336,0.0952542981020983,0.144161897298844,0.22737176952571,-25.0136623481154,-37.8567381666271,-59.7075489896907
"P35704","Prdx2",0.596043651391742,0.248393580284617,0.121683520271102,-0.0472826933679187,-41.6737230074721,-20.4152028105618,7.93275681361846
"P08413","Camk2b",-0.52023236136376,-0.233126636987247,0.18111949379151,0.0932358781033145,-44.8120213775472,34.8151147915357,17.9219681487906
"P61980","Hnrnpk",-0.637643304850968,-0.102336757083251,0.0870303550603495,0.0811898269556508,-16.0492169061776,13.6487522723524,12.7327969003966
"O35179","Sh3gl2",-0.363772705113462,-0.0376949318994164,0.007973062944,-0.0708567405503651,-10.3622210708907,2.19177052921361,-19.4783004756403
"B0BND0","Enpp6",0.462347171747794,-0.004273731759735,-0.131968538006063,-0.0176923642069795,0.924355553766917,28.5431697369722,3.82664051779482
"Q63228","Gmfb",-0.617197313240389,-0.264421598443747,-0.0008161638790795,-0.0264484521940354,-42.8423119756451,-0.132237108226299,-4.28525070129949
"Q63028","Add1",-0.581027472244035,-0.0087911689940085,0.194932785467163,0.0921283142467431,-1.51303843862243,33.5496675766977,15.8561029637595
"A9UMV8","H2aj",0.521746880666974,0.0790079263450743,-0.0432001068696799,-0.0713163369214982,-15.1429609400012,8.2798974886932,13.6687615324755
"P10536","Rab1b",-0.544142280755235,-0.41658659949967,-0.340043499194355,-0.154508612029002,-76.5583955213835,-62.4916517647546,-28.3948918313339
"P31000","Vim",-0.320643791263425,-0.0240289382314245,-0.0141687295233233,-0.13354919562066,-7.49396647811076,-4.41883794708595,-41.6503295118983
"P82471","Gnaq",-0.376376507070972,0.0024676927421616,-0.0553411186739439,-0.0519796121882976,0.655644732283005,-14.7036591376593,-13.810535783121
"P19511","Atp5pb",0.470587903139624,-0.0218405427272828,0.0098015027452333,-0.0183978612060187,4.64111860538045,-2.08282080347594,3.90954826574878
"P55068","Bcan",0.330448235941454,-0.021688031533948,-0.112439741630599,-0.0575425610049152,6.5632160123834,34.026431192848,17.4134871202974
"Q63429","Ubc",-0.60713653844897,-0.140705359829951,0.0209611254130699,0.170049696725901,-23.1752416333575,3.45245658688547,28.0084768346048
"O35077","Gpd1",0.362021224576086,-0.0434156036520363,-0.141039975358936,-0.0667391176564038,11.9925575366125,38.9590349361667,18.4351394685637
"Q63716","Prdx1",0.612880570702441,0.185069490523464,0.0303472821031825,-0.0050393086384268,-30.1966646309819,-4.95158168717937,0.822233381073102
"Q641Y2","Ndufs2",0.509654248273261,0.0209850021509475,-0.152095208793646,-0.230302986479856,-4.11749773930973,29.8428217382576,45.1880833447649
"P85969","Napb",0.655737380460153,0.0571198022804822,-0.118461349452154,-0.170437561928505,-8.71077415784949,18.0653647301646,25.9917410547654
"P35435","Atp5f1c",0.580128457009469,0.0599367193026907,-0.042662138554924,0.0848718616173194,-10.3316288967553,7.353912403271,-14.6298394074356
"P11348","Qdpr",-0.756944181748015,0.149679068911901,0.305603250262148,0.0281298140805326,19.7741223885553,40.3732874406164,3.71623360860933
"Q5PQN0","Ncald",-0.649847949766009,-0.149978829679796,-0.0362787831283669,0.158888369473669,-23.0790648387517,-5.58265716486908,24.4500839820884
"Q7M0E3","Dstn",0.32441346949911,0.0051337785889735,0.0370697011149375,-0.0238921621311086,-1.58248009766672,-11.4266837231428,7.36472569033517
"P11240","Cox5a",0.683702523485444,0.0707179451322268,-0.0333486736488808,-0.0453278402570447,-10.3433792772497,4.87765841185912,6.62976056106508
"P02650","Apoe",0.70050944223863,-0.182462219280417,-0.349190783539935,-0.312746290853084,26.0470749255455,49.8481194520405,44.6455496522124
"P05696","Prkca",-0.54131807526575,0.0699061606289995,0.145243628339102,-0.0250665203625857,12.9140636204842,26.8314757950392,-4.63064536507113
"P08932","Kng1",1.0181285382224,0.643000789684965,-0.398923141379285,0.0570223830698495,-63.1551680898378,39.1820017220796,-5.60070569963667
"Q1WIM2","Cadm2",-0.473560416984931,-0.0268926072722095,-0.0111043760232619,0.0403514673507743,-5.67881231362824,-2.34486997328902,8.52086996790914
"Q5PPJ9","Sh3glb2",0.763174152505918,-0.11862263434525,0.0296459576067178,-0.220415123749916,15.5433244110466,-3.88455996699756,28.8813664648066
"F1LU71","Auh",0.405916968079922,-0.17593063236237,-0.0229223224582711,-0.163298642911315,43.3415319380614,5.64704712067071,40.229568052736
"Q8VII6","Slc44a1",0.584845664371702,-0.330923256192435,-0.297020603431204,-0.351011349876519,56.5830057999908,50.7861512062832,60.0177741342427
"Q6RUV5","Rac1",0.822314409399741,-0.164330848210959,-0.219871530956027,-0.284972982471718,19.9839436512993,26.7381342759791,34.6549907449315
"Q8K4Y5","Lgi1",0.345717462800241,-0.128697802827737,-0.0818614668007314,0.0164501117380347,37.2262950749757,23.6787190724096,-4.75825305577339
"P85970","Arpc2",-0.520753260711587,0.206641955871888,0.0217497347285409,-0.0693459264460081,39.6813561166224,4.17659117464206,-13.3164651434443
"P14480","Fgb",-0.586372694394981,-0.292269334611657,-0.171374154659091,-0.153479151716908,-49.8436126725206,-29.2261485395248,-26.1743347164669
"P62959","Hint1",1.04340471563802,0.218484195458721,0.0731412516602354,-0.191875801495094,-20.9395445682956,-7.00986401192476,18.3893937433248
"P83868","Ptges3",0.936377437446428,0.199251486315504,0.0855997756906177,-0.209140569049264,-21.2789713151224,-9.14158887937911,22.3350713810027
"Q5U316","Rab35",-0.792009235419901,-0.28554498206638,0.0009706451654381,-0.132864596348004,-36.0532389391889,0.122554778660313,-16.7756372534675
"P27952","Rps2",-0.419338969823201,0.0515770752847686,0.0186383308063007,0.186218026958532,12.2996141537988,4.44469323091028,44.4075176311527
"P31647","Slc6a11",0.989664296007664,0.280571171624818,-0.154459528854513,-0.05461356278159,-28.3501357739842,15.6072649561682,5.51839275215877
"Q8VD52","Pdxp",0.854759110975969,-0.6240285343065,-0.203347664404035,-0.284977208260951,73.006362411742,23.7900552088707,33.340060913251
"P20171","Hras",-0.763980766775507,0.0489670783504863,0.804472537253407,0.28889340507417,6.40946480330376,105.300103384644,37.814224865043
"P04256","Hnrnpa1",-0.913256495214753,-0.469348446903588,-0.0741545878165155,-0.357677971817338,-51.392839729349,-8.11979856755117,-39.165116666729
"Q78P75","Dynll2",0.756405489058704,-0.0807508795720011,-0.192125637806079,-0.192938207161532,10.6756072953001,25.399820676231,25.5072457765518
"P09811","Pygl",-0.760552149867845,-0.25616263039657,0.0303021767415217,-0.0315746971598152,-33.68113947756,3.98423392094639,-4.15154926132306
"P68182","Prkacb",0.302998161884048,-0.118575144950295,-0.12578981046256,-0.0721374617099144,39.1339486064842,41.5150407779363,23.8078875664995
"P35434","Atp5f1d",0.940807189485735,0.298228067082615,0.0175552856341596,-0.0447589065974867,-31.6991696508647,-1.86598123721351,4.75750048444601
"Q4KMA2","Rad23b",0.860153297601421,-0.100350812842244,-0.239457348618242,-0.308913165719563,11.6666195574762,27.8389153754314,35.9137338170978
"Q9QZA2","Pdcd6ip",-0.574432079635589,-0.138570573169524,-0.0545622734906068,0.113215775123376,-24.1230561596475,-9.49847256532405,19.7091665206439
"Q9JI12","Slc17a6",-0.464897251028408,0.113925209009338,0.244577674682553,-0.0332580395574453,24.5054598101671,52.6089741639724,-7.15384732516154
"Q5BKC9","Ngef",-0.71817359971158,-0.0990413752393344,0.0175171876518689,-0.0019320995639198,-13.7907290492312,2.43912999014498,-0.269029600182426
"Q9JJK1","Gpm6b",-0.604181870596243,-0.181249268559039,0.11408598127008,-0.0877489805798,-29.99912400221,18.8827217138265,-14.523603711115
"P48004","Psma7",-0.521123794852713,-0.358102492061235,-0.166530040504153,-0.114123306040572,-68.7173557604382,-31.9559463891339,-21.8994617340064
"P19490","Gria1",-0.383563443195374,-0.0787031588637639,-0.171282056295453,-0.0943337217257643,-20.5189415884129,-44.6554694755433,-24.5940335032695
"Q63413","Ddx39b",-0.512033132457201,-0.191009857126964,-0.0053705208316614,-0.0437275317457804,-37.3041986971282,-1.04886197615548,-8.53998090630111
"B0K020","Cisd1",1.35820334034965,-0.319492956199895,0.0883896678763101,0.0952986234379338,23.5232050097628,-6.50783761535702,-7.0165210618169
"P38406","Gnal",-0.573863984958557,-0.0705401011515576,0.0797249663808977,-0.010145626037751,-12.2921289714063,13.8926589698176,-1.76794960193986
"P26453","Bsg",0.562336532259916,-0.29501332691142,-0.428288053758706,-0.434944432458089,52.4620596363927,76.1622319000872,77.3459321076182
"Q53B90","Rab43",-0.467752154880667,-0.11194146810637,-0.209443195703518,-0.0577202743469591,-23.9317910004987,-44.7765325115287,-12.3399269772867
"P51156","Rab26",-0.963420453656301,-0.155989364061732,0.0478818407501862,-0.0767447426160004,-16.191203276797,4.96998382881209,-7.96586187523262
"O35458","Slc32a1",0.867889604178611,-0.166535273043998,-0.0205256123994282,-0.274767300448907,19.1885318411678,2.36500268013396,31.659245499196
"Q63100","Dync1i1",0.477180164527716,-0.0698754801134847,-0.0058632081316183,0.0686862898192686,14.6434167444163,1.22872000294089,-14.3942047312989
"B2GV54","Nceh1",0.75466447270021,-0.0169972502705775,-0.169191819461808,-0.0522971234356007,2.252292361102,22.4194758839561,6.92985099039845
"Q9Z0J8","Negr1",-0.727739727861476,-0.368119919750416,-0.0600168631889773,-0.175063101250117,-50.5840076688086,-8.2470230621244,-24.0557296170369
"Q64057","Aldh7a1",0.471864689658787,0.0583189331894474,0.093041091003915,0.0343287184999816,-12.3592492652118,-19.7177481263102,-7.27511917130423
"P04904","Gsta1",-0.443224592317417,0.0881206588804346,0.280052480945653,0.253816724112987,19.8817169461858,63.1852306482787,57.265938874442
"B0BNM9","Gltp",0.621566840561936,0.367623629132531,0.0923715931387612,-0.0296909181353691,-59.1446655680949,-14.8610876756636,4.77678605064045
"Q6LED0","Hist1h2ail1",0.577778927862404,0.09771983347391,-0.203510103317331,-0.124331808150835,-16.9130144353727,35.2228323850876,21.5189239612498
"Q505J6","Slc25a18",0.489512957025035,-0.0739666250065305,0.0682654122897191,-0.175108123276715,15.1102486553278,-13.9455782140263,35.7719077225078
"Q6QLM7","Kif5a",0.605210434167606,0.206725687440752,0.016718653661016,-0.0499562972435967,-34.1576542256873,-2.76245297786554,8.25436813763886
"Q60587","Hadhb",0.499834314768997,0.167661301669966,0.126651178006288,-0.0448833456051609,-33.5433756178689,-25.3386320754751,8.9796447100484
"D3ZW55","Itpa",0.502767809151429,-0.363700006098313,-0.362137665398865,-0.327563673743249,72.339557043671,72.0288090858642,65.1520777147826
"P40241","Cd9",0.922120586089335,0.0687453229252277,-0.142944971996243,-0.195370910056251,-7.4551337387199,15.5017656207487,21.1871324644002
"Q5PQK1","Septin10",-0.535301051681984,-0.141487181814579,-0.0588049535124853,-0.120346784413037,-26.4313289447141,-10.9853984646047,-22.4820750930513
"Q66HR2","Mapre1",-0.728322240034984,-0.38464691131577,-0.060092164025864,-0.236278628461328,-52.8127372984373,-8.25076603770572,-32.4414957382022
"P24268","Ctsd",-0.851343341262936,0.195227122156673,0.271805255086623,0.136266700144805,22.9316555018873,31.92663193717,16.0060804542922
"P97576","Grpel1",0.519368373600891,-0.13582745622568,0.0274055496565531,-0.117921058930044,26.1524311316762,-5.27670744880837,22.7047053544043
"Q9Z1Z3","Epn2",-0.756643034183433,-0.274707671384817,-0.0632884597535615,-0.174241409340702,-36.3061125225689,-8.36437486295796,-23.0282182573375
"P53678","Ap3m2",-0.395673162817424,-0.0037719841553851,-0.0107779041046356,-0.0036082506933858,-0.953308060755592,-2.72394115079492,-0.911927073267479
"P0DJJ3","Sgip1",0.422540825521512,-0.349770312416329,-0.182843750133383,-0.102958126995969,82.7778740633245,43.2724459009877,24.3664329639379
"Q62881","Nol3",3.9920083618766,-0.206204092048566,0.0782344353305149,-1.01178958875771,5.16542234775359,-1.95977633908907,25.3453774901934
"Q9JHL4","Dbnl",-0.620494972908464,-0.141217791620083,0.0299015440177648,-0.128324148376386,-22.7588937518944,4.81898247742547,-20.6809328002914
"P70600","Ptk2b",0.528391420386917,0.10782482682913,0.0746827148202875,0.025538572501496,-20.4062410305933,-14.1339756738671,-4.83326782308374
"Q6XVN8","Map1lc3a",0.471760605192348,0.0895338578287834,-0.209736325747784,-0.158965430065532,-18.9786635092768,44.4582111010031,33.6962069990388
"P01026","C3",-0.338817024944859,-0.0012428080045019,0.132480730485316,0.0705833110261267,-0.366808015241903,39.1009662241373,20.8322799120303
"Q9JJL4","Rhoq",0.704305552798925,-0.350245755357843,-0.246885413504568,-0.407108396640137,49.7292338482863,35.0537366237481,57.8028094514206
"P70618","Mapk14",0.904580035207015,-0.021929371637551,-0.0707227950555733,0.0292357603119804,2.42425996418685,7.81830156569708,-3.23197054700524
"P27274","Cd59b",1.11826819729012,0.188507582378165,0.104317718782546,-0.0961542203044168,-16.8570994717521,-9.32850625953035,8.59849368312768
"Q64537","Capns1",-1.09905094225216,-0.682020117200853,-0.268344171900047,-0.224482432813932,-62.0553689534415,-24.4159903407352,-20.4251162693083
"P97526","Nf1",-0.315048620017496,-0.0451998929589621,0.058346091667719,-0.0014918396839114,-14.3469579255583,18.5197102797907,-0.473526811140627
"Q68FU3","Etfb",-0.637408419733958,0.0283914391391491,-0.194074754966699,0.164001747823654,4.45419895002315,-30.4474727597263,25.7294605383633
"D3ZFD0","Myo18a",-0.34254403031041,0.275797246342812,0.0320037481961606,0.179510846626524,80.5143928775776,9.34295896710245,52.4051890391589
"Q566C7","Nudt3",0.75799121106165,-0.319999730007204,-0.159369988612315,-0.317344279509388,42.2168127199007,21.0253082471893,41.8664853732159
"Q63269","Itpr3",-0.480969888947239,-0.120447929039976,-0.025659471471954,-3.96840871879078e-05,-25.0427171862288,-5.3349434261089,-0.00825084648745257
"Q64640","Adk",0.717616724057468,-0.26814083284923,-0.209793170814464,-0.28590344586765,37.3654659736939,29.2347103657611,39.8406888082439
"P59649","Fxyd7",-0.512863325896358,-0.16420174390748,-0.0443125374696294,-0.121086275797698,-32.0166671345618,-8.64022347321912,-23.6098527002431
"Q6PDU1","Srsf2",0.76146014433758,-0.171432587634229,-0.251694493112566,-0.43220574073365,22.5136652140033,33.0541913433333,56.7601264422894
"Q7M767","Ube2v2",-0.668336472624723,-0.561829465863635,-0.162821186770216,-0.302261265230587,-84.0638643671789,-24.3621579009113,-45.2259120385174
"P28570","Slc6a8",1.34372748271999,0.334300586546167,-0.384599648739716,-0.123536468405831,-24.8786000766667,28.6218488261626,9.19356565929328
"P48056","Slc6a12",1.46684598942998,0.206073541739162,-0.879871334652222,-0.521158314473652,-14.0487510770809,59.9838934007068,35.5291774480138
"G3V7L1","Utrn",-0.522203304974266,-0.0669974464223735,-0.038737386964133,0.0764945714385803,-12.8297630030655,-7.41806621963872,14.6484272906603
"Q63450","Camk1",-0.896586777138932,-0.530413601396049,0.0331497109469332,-0.0430038789303993,-59.1592040971911,3.69732320308316,-4.79639896850002
"P07896","Ehhadh",-0.465550534940125,-0.13392119938058,-0.0247770509978338,-0.0639799999643991,-28.7662003004258,-5.32209698803598,-13.7428689610737
"O88794","Pnpo",-0.888306213920512,-0.355323105326395,0.0734665456672694,-0.202761422749031,-40.0000697685303,8.27040771706719,-22.8256224679719
"O08560","Dgkz",-0.678166566625439,-0.21951032196004,0.0834458670856293,-0.202695808716381,-32.3682016723892,12.304627091963,-29.8887940944946
